12463,veni-esports
13225,lions
8258,zeta-gaming
4538,team-queso
5091,rizon
12950,ae5-youngstars
11152,outplayed
13830,rtzn
4616,ucam-esports-club
10933,ultimate
10727,stellae-gaming
10898,sk-l-esports
13773,mcrp-ultras
14692,dxa-esports
15210,the-burgers
13679,backoutsideboys
12806,breakthru-academy
15027,full-box-200
14427,yara-mi-lala
15221,corn-dawgs
1319,funcrew
13424,team-sarafa
8030,mlt-esports
6132,stanbul-wildcats
9077,s2g-esports
13594,bequiet
13595,suicide-squad
15119,giantx-gc
6530,g2-gozen
9042,teamorangegaming
4210,made-in-thailand
7397,xerxia-esports
2359,leviat-n
2355,kr-esports
9507,gamelab-alpha
3136,oasis-gaming
13164,chao-hui-edward-gaming
9315,zeta-division-gc
11836,turtle-troop
11602,mad-lions
4762,galakticos
4396,regnum-carya-esports
14263,mixup
13836,1millisecond
8375,zol-esports
5366,action-ph
15016,t-n-d-esports
15015,kobiet
8925,arf-team
466,boom-esports
11262,laterious
8826,alternate-attax
7269,fusion
4094,six-karma
8049,diamant-esports
8946,zero-tenacity
10431,underground-gaming
4569,fraggerz
15052,justus
13977,valhalla
337,faze-clan
10725,oxygen-esports
6192,trident-esports
9727,koopa-troopas
4611,team-hz
9650,landodgers
10298,xyz
11135,guangzhou-long-lionz
12373,nerdpunt
6985,qor
14825,lucky-7
11480,mammoth-esc
10448,winthrop-university
13627,mercury-pink
13224,nxt
13785,fokus-friends
2406,furia
2059,team-vitality
7035,koi
11997,xit
12192,loud-gc
5426,the-infinity-esport
12514,solary
15010,monaco-esports
14548,carecas-e-calvos
13901,tourette
623,sharper-esport
14148,valee-thai-esports
15208,edge
6159,onyx-ravens
1458,the-ultimates
474,team-liquid
14419,giantx
6793,jadeite
283,sengoku-gaming
6035,twisted-minds-esports
10634,triple-esports-club
12150,global-esports-phoenix
8904,orangutan
2290,gamax-esports
11863,skulls-esports
14547,spirit-academy
15299,gengibre
6368,bbl-queens
12677,cba
11232,joblife
11273,3dmax
4050,full-sense
8304,talon-esports
364,all-knights
367,9z-team
14278,shopify-rebellion
13316,supernova-galaxy
9621,trashcan
11978,geekz-energy-esports
14434,hopers
11237,duplaw
3437,dewa-united-esports
12485,yari-esports
14369,flame-hard
1471,team-raad
1470,nasr-esports
361,furious-gaming
14941,xsoul
15586,esports-organisation
12853,rotaryon
12355,bitfix-gaming
11001,m80
6675,the-guard
7038,unicorns-of-love
4173,ovation-esports
15203,disorder
14822,thinking-men
11988,pinadinha-do-paquet
15689,the-zoo
14761,alternate-realities
4915,natus-vincere
2304,giants-gaming
7105,ex0tik-gaming
1791,ftw-esports
15118,wolf-pack
4073,bandit-esc
5248,evil-geniuses
1184,fut-esports
12255,karmine-corp-gc
15213,peak-iron-2
15204,just-anything
13920,sad-esports
15418,wild-ninjas
1124,red-canids
8044,mouz
7969,team-falcons
14454,oyoon
5441,anonymo-esports
11060,nongshim-redforce
14599,iam
4669,digital-athletics
5310,fenerbah-e-esports
3108,oblivion-force
3107,griffin-e-sports
13604,v
7055,team-liquid-brazil
11883,cardume
11058,g2-esports
6961,loud
1120,edward-gaming
10356,aim-ph
9351,wintermint
724,e-xolos-lazer
14565,sherpa
5038,yfp-gaming
6751,parla-esports
7386,mibr
878,rex-regum-qeon
278,detonation-focusme
6210,fut-female
8484,medal-esports
12070,or5
6538,dsyre
1316,qlash
12122,doomster
7171,big-blue-charizard
13683,sagaz
14212,odiamos-l2
15169,pelotao-dos-raul
11780,reveal-multigaming
12949,reh-gaming
6946,tbk-esports
13918,arca-do-marlow
11947,next-gen
14616,barn-nong-chok
15699,gollum666
6195,team-galaga
9508,five-media-clan
14557,os-piticos
13697,unity-brasil
11479,apeks
6882,fokus
13516,legacy-gc
282,scarz
6387,bleed
14820,the-process
10149,k10
2670,ignite
2,sentinels
13411,predator-x-gaming
624,paper-rex
14493,5am
14495,freebird
13848,the-great-escape
13849,jft
13219,evilchile
10533,northwood-university
11329,oresports
6149,case-esports
14737,valiant-gc
15074,xld-gaming
2755,saw
9762,gtz-esports
13254,szypko
11128,mcom-special-forces
11896,19esports
11709,illicit
8305,team-snakes
14538,kopfshootaz
12834,origami-team
8240,team-smg-gc
14516,kibbets-jibbles
14518,brx
8877,karmine-corp
13795,ftw-le-a-fc-esports
14382,vexed-dev
4699,skelp-esports
13608,guangdong-northern-tigers
10421,the-who
1412,95x-esports
9314,team-falcons-vega
12254,aster-army
5448,zeta-division
12390,12
12391,team-ogs
14632,meow
14634,pei-wan-e-sports
7211,rapid-ninjas
4567,papara-supermassive
497,attack-all-around
11328,funplus-phoenix
10597,one-team-esports
10592,roa-esport
15214,korean-zebras
15217,azadee
15606,fluffy-aimers
8128,wylde
11260,armani-briefs
8996,esc-gaming
6869,igzist
1034,nrg-esports
14688,xu-gang
14698,dreams-to-legends
5644,panthers-esports
14476,elevate
14532,chipi-chipi-chapa-chapa-dubi-dubi-daba-daba-magica
14533,silly-goobers
8106,gelida-esports
11275,lazy
10400,tim-t-i-tr
7511,kr-blaze
14467,sweetnsour
6400,human-tripwires
12448,al-mooryaat-esports-club
13395,kratos-esports
10416,team-aku-aku
8303,s2-esports
104,reject
15227,after-life-esports
14615,kaijyu
12325,5-angry-men
14773,disguised
14795,anita-max-wynn
8185,drx
15495,ionized-esports
12474,gonext-esports
7243,b8-esports
11176,aym-esports
13398,xo-esports
2362,skull-cracker
5214,cgn-esports
3490,lp33
9011,impulse-gw
4519,purpure
11256,demury
15646,termina-enjoyers
11909,peito-infinity
11882,mixx
11856,gng-esports
4685,team-occupy
15156,vision-esports
13635,eco-ch-lks
10094,gmt-esports
6750,rebels-gaming
14754,the-hero
14196,apac-slayer
4330,fancy-united-esports
11238,twokay
10417,formulation-gaming
14377,not-friends
13188,moist-x-shopify
548,wygers
7313,bonkers
9545,unity-esports
11002,reta-esports
13787,the-team
15014,snowfox-esports
11517,veterans
10579,sjsu-blue
9965,genkei-esports
12489,metizport
1001,team-heretics
14283,dumbfox
8741,blitz-esports
14007,crocodile-tears
8342,ajf-e-sports
918,global-esports
15590,vennegjengen
11267,ctrl-esports
12958,sila4i
9296,last-gate
3531,acend
11276,rapid-lofi
15075,moroccan-united
13783,vcl-rejects
9070,ghr-e-sports
9814,fuzos
6422,resonate
13232,dough-bros
7031,naos
15055,kaizen
15065,carti-esports
11234,mochi-fanclub
14833,blue-rose
11673,calamity-l
15020,h-c-vi-n-96
2499,movistar-riders
5413,uwu
3351,laze
12771,team-resilience
12124,dylynyosok
12125,onliners
14811,ender
14281,arcade-esports
12679,apinaorkesteri
14523,requiem
622,thailand-attitude
11707,gwangju-shadow
8099,cnj-esports
8929,hungkuang-falcon
9613,blinn
15121,fisher-falcons
6191,nom-esports
14429,chipi-chapas
10408,crit-esports
7403,who-cars
12256,akroma
7967,mandatory
13633,brasil-2002
2761,szk-esports
581,liberty
15211,prodigies
14537,baiters
14541,carpe-diem
879,todak
11171,medusa
14519,anita-max-wynn
14520,bongo-cats
9450,pablos-kittens
14492,bristol-bagres
6199,team-secret
15191,titanic
14439,just-push
15175,cocacolazero
15073,co-op-gg
9408,natus-vincere-celestials
2593,fnatic
11281,hey-yakiniku
14468,contractless
12227,salamaleiko
12644,os-cara-cego
14517,titan-g
10190,les-petits-bouffons
14483,reborned
6127,axolotl
13161,novo-esports
14242,indonesia-pacific
14433,baltic-boys
11972,colors-esport
9174,team-fish-taco
3180,ghost-commandos
14662,1337
14697,hgiya-confederate
14694,ace-esports
13239,707
14438,0losestreak
13176,revsol-esports
9427,oxen
13821,nottingham-miedo
1837,attacking-soul-esports
11348,dplus-esports
12446,slt-seongnam
13646,ucan-esports
1981,dark-passage
14114,xxl
4131,f9-hetic
7099,klanik-esport
8674,rebels-velvet
10188,valiant
12948,onliners
13354,major-issue
12855,wizard-esports
14502,eternals
14503,ferox
15604,homebois
14624,ocu
15042,honestly-nvm
8369,revenant-esports
14205,dieversity-esports
6175,asteria-gaming
13262,l2w-esports
10305,club-penguin
9447,the-union
10294,nexga
11277,kuzu-esports
11056,fate-esports
12362,simple-minecraft-players
756,ehehxd
10635,nobles
6314,xset
9547,evil-geniuses-gc
2934,fennel
12688,zen-esports
14277,team-flash
11603,blx-utd
11648,rose
14805,orgless
15174,blindoholik
876,enterprise-esports
14536,irregulars
15487,lootcifer
3956,2l8
10332,next-in-line
13763,hyderabad-hydras
13768,mibh
7932,onlyfins
15068,bulate
15058,old-stinky-cat
10762,intense-game
12653,insanity
13509,mercury
15215,unsw-roar
9437,dragons
14461,bar-a-esports
8924,ramboot-club
7355,rd-e-sports
11318,sendtreepay
15253,focusgg
14689,peace-love
15594,boy-kissers
14481,vanir
12270,thank-you
8422,hike-digital-esports
12092,mix
15216,rub-n-pug
7039,stream-raiders-nacague
188,cloud9
14208,super-onze
4733,true-rippers
12892,all-aim
11869,creeper-consumer
1033,reckoning-esports
6193,geekay-esports
6537,hmble
12790,subway-surfers
14614,hge-esport
6665,team-nkt
11595,young
13394,fog-esport
13940,t-i-n-ng-tr
11257,szach-mat
12097,antic-esports
6235,incognito
12944,trenbolone
11229,varrel
11490,murash-gaming
13689,andy-e-amigos
15117,hero-base
14588,zippy-xp
2554,world-game-star
14799,please-dont-fire
14809,ninjas-in-galaxy
8471,omnipotent-gaming
8322,optix-fem
397,bbl-esports
15589,kimchii
13970,kairos
14509,overheat
12515,flymore
15289,arena-internet-cafe
13968,unico
13998,acqua-gaming
12421,syko
2536,kg-network
9966,vamonos
14712,loafing-cats
14325,critics
15024,inc-acegear
120,100-thieves
9425,leviat-n-academy
13277,lemonade-stand
13368,grayfox-esports
6313,kpi-gaming
15054,thebais
15050,no-org
14297,smoothie
15072,2game-esports
13678,there-is-no-tomorrow
14683,infernum
14686,xu-gang-sapphire
14695,lazytown
15120,r8-esports
14,t1
13797,hurricane-of-feathers
13800,forfeit
13764,ggez
8928,ghetto-artist
2908,thunderbolts-gaming
4572,galatasaray-esports
14440,mrvzt
5339,ofby
12680,team-headshot-homer
13587,team-respect
8172,honv-d-esport
6870,isosimo
12473,tbd
8086,maru-gaming
15021,legacy
12638,game-crashers
13593,underground-academy
13558,howl-esports
14545,xaprala
14562,fall-before-us
12183,new-boss-esports
14111,achtung5
15206,t20
14693,swingers
15199,chromies-womies
15647,team-8
7345,tremb4l4
10735,tropicaos
10755,galorys
14204,kami-tenchi
13905,kof-2002
13665,clinically-insane
14702,bineddiekittens
14699,barackobamapizza
14722,mesos-millionaires
14993,luxoria
14583,hydrogen
12108,explorers
12041,moist-moguls
14604,van-dijk-fan-club
4680,team-69
516,fav-gaming
14711,geek-fam
12769,lifes-a-game
13067,figure8
4960,unjobbed
12478,coalesce
7940,melilla-titans
4837,shopify-rebellion-gc
15157,eco-quantum
14374,barrys-bodyshooters
4141,wlgaming-esports
9438,vx300-gaming
14782,pump
2112,x10-esports
14469,jijiehao
15451,nigeria-96
9559,zerance
14252,mon-freros
9820,oxuji
13135,xoxo-esports
14113,napolyon
14576,reliance
13927,nvv-drops
14758,dark-genesis
14328,wadi
13526,pug123
17,gen-g
12794,tamaria-altunga-esports
13925,odd-plan
13784,rejects
12285,re-vast
4671,egn-esports
11533,copem-manila
12054,swans-esports
11678,rrq-kaguya
3478,pcific-espor
8494,jns-gaming
12397,no-no-no
12418,never-give-up
15300,exo-clan
14775,paragon
7312,honey-badgers
13994,putz-nerd-12345
13913,vetooor-e-amigos
13714,abomineve
12574,neon-blade
11895,globant-emerald-team
9431,redpack-esports
13185,occupy-jr
14740,5-clown
15654,the-hero-deta
1485,aricat-esport-family
14424,bobrs-supremacy
739,yumperigo
11293,dominatus
13900,valoriza-guys
13505,mbu-spartans
13822,the-krows
12689,universitario-esports
11304,hero-zero-anubis
1110,alter-ego
14529,xperion-nxt
14531,swift-gaming
10213,bratan-mix
14802,redsea-esport
10730,top-gun
11975,permitta-esports
13691,fraflu
11177,falcons
14767,consolidate-gaming
13370,asmodeus-colosseum
14793,322
5934,insurgent-esports
14318,dvm-esport
15653,slice-of-life
15489,athenas-wisdom
8380,divizon
5455,lethal-esports
12696,vorious-team
11963,ambrosia
2988,northeption
12767,full-sense-sapphire
13586,badua-lipa
106,tsm
12010,bilibili-gaming
13705,lajota-vinny
10307,built-for-greatness
12852,kindergarten-children
11201,version1
13390,nextstart-gaming
10043,1millisecondx
10639,sunxet-club-fem
14479,sk-gaming
13801,dreams-to-legends
12668,moist-moguls-red
14132,garuda
14309,mayan-empire
6456,flyquest-red
14496,surely-tragic-revived
14543,fofoletes
14544,tribo
11309,le-crapaud
10182,final-form
9284,acend-rising
13103,lastflight
14376,drake-knights
13847,sad-purple
15171,ghosts-do-nyang
13770,5stars-esport
14540,m-nner-wie-wir
15486,sos-affenalarm
11197,disguised
4239,bursaespor
13599,cicadas-gaming
8448,bobo
12044,jenerators
3895,macko-esports
12670,expectasians
4686,fire-flux-esports
10407,kk-kazuki
14106,thekak
5931,team-big-baam
14938,warning
14422,sin-prisa-gaming
12650,noite-paulista
11870,kahood
14691,vnd-esports
15581,baguette
13501,nuclear-gc
9443,nativz
13284,infinity-x
12694,gentle-mates
6397,five-ace-esports
15197,ipgn
15019,original-gaming
15296,os-cara-cego-2-0
3347,angry-titans
13980,of-uh-uh
7448,insight-gaming
15176,1st-megasaver
14330,pds-esports
14000,geladeira-brastemp-98
8532,totalepro
9285,9z-team-gc
15061,bnb
12756,let-us-cook
11263,unsigned-puggers
13782,uwu-slayer
10700,abaddon-abyss
12356,ntnui-e-sports
14590,lfg-portal
14790,reve-drift-arena
11880,franatic
14139,valiant-pbl
10393,meow-meow
13650,family
2917,enigma-gaming
363,infinity
8622,goth-boy-clique
5832,zero-marksmen-black
14750,devilz-gg
15274,team-brave-soldiers-gc
2369,entropy
14210,ataque-aereo
13075,the-nation
14947,explo-team
14819,carnival-gaming
13183,el-menzah-esports
13612,xenesis-e-sports
13979,special-grade
8614,mizzou-esports
13383,team-team
799,velocity-gaming
15212,dingle-googy-and-friends
11845,feel-the-wood
13226,odd-1-out
14647,saideira-esports
12346,sandkasse
15250,burger-boyz
12814,plug
8182,incheon-on-sla2ers
13621,overachievers
14418,no-salary-peek
15209,fishy-fraggers
15494,dmg-esports
4860,dominus-esports
14083,hungarikum
8340,unb-green-owls
14660,burgerville
5233,sissi-state-punks
7412,akave-esports-gc
14566,fou-clan
13518,gods-plan
14777,largados-e-baitados
11195,00nation
12760,2easy
13160,zthelock
12782,team-endavant
9911,kit-sc-esports
10229,mcast
9393,crewx
3179,anti-eco-eco-club
13871,calllamas
14655,orquestra-do-maestro
14652,os-pitbull-do-mangue
14584,frozen-3
10204,hazarders
14149,ender-dragon
13143,why-so-serious
4894,keyd-stars
13781,the-furious-five
15205,gates-of-heaven
10369,argon-black
13059,zer0-guerriere
12427,btr-fanclub
10479,fisher-navy
14478,eintracht-frankfurt
9824,oxyg3nious
11986,tjd-esports-club
13112,lost-puppies
14636,yuanyoyin
15683,saio
15207,in-a-call-for-work
13806,devilish-grin
15196,tyrants
13863,estio-esports
11708,op-gg-sports
12053,clique-esports
7757,alliance-coven
3653,ownage
13251,ananasy
6085,3bl-esports
6200,complexity-gx3
14475,mad-lions-koi
12358,primary-one
13645,elogauner
15226,overheat
14690,light-work
14708,demise
13362,srn-pk
8938,fear-eater-esports
10606,amoris-vega
14530,bald-buff
14810,vanguard
14752,mabuhay
12661,orgless-2-0
15268,cherry-ladies
14010,tryingourbest
14423,last-dance
9071,evoplay
13975,mental-hospital
12868,imperium-gaming
12303,next-esports
10595,diutu
15064,kng-empire
10147,gods-reign
12306,bear-bandits
12681,h-alko-gaming
14393,onifans
15198,we-dont-play-anymore
15222,parallax
13802,virtual-grounds-esports
15011,together-we-are-terrific
13974,hatemania
14430,demury1
14431,zwala
12236,fokus-sakura
5719,exalty
14574,nuclear
11247,sbg
14385,kimchi-fried-rice
13355,dach-legendz
10493,niner-esports
13941,sneaker-daily
13659,wingman-patrol
14435,vultures
13995,amamosfranjudas
10598,utt-esports
10888,high-profile
11976,kaizen
14513,goodfornothing
12536,imperium-vancuverii-nilus
14837,sussy-players
13443,566
12751,full-house
14741,diamond-esports
14151,onlinegods
12476,mad-lions-laur
12129,faze-clan-gc
14645,dragon-warriors
14654,jumentus
12142,capybara-gang
2108,blue-bees-esp
12702,the-whole-zoo
14339,vision-esports
14623,faq
9679,wtp
13590,mikss
14568,quartz
13818,stone-esports
11890,smoke-troop
15063,mga-tito-mo-to
14762,vicinity-esports
12774,chosen-1s-black
14512,azure
14842,evoza-gc
15493,vanir-seid
14818,serenity-esports
14550,xenom-com-m
14643,bagres-droptech
12763,xenon-esports
13218,batatinhas-raivosas
7413,firepower
12629,the-a-team
12161,lync-nwj
8587,the-mad-men
11455,van-lyn
14629,tumt-shark
13278,joker
362,rebirth-esports
9806,the-last-monarch
15580,noodlesoupwarriors
12359,dog-nation
2354,optix
11154,to-je-jasny
11274,vikings-fourteen
14661,the-basement
14274,ruddy
14366,zerozen
8237,rqs-esports
12990,tatzukigokill
13752,jardajagr
15173,l5
13538,full-sense-u20
15682,doa-ibu-selamanya
13374,airavata-esports
13382,team-mysticx
12743,torch
11243,university-of-virginia
15285,renegadas
2472,akuma-esports-black
2814,bigetron-arctic
15429,axkrum-gc
12464,disguised-gc
13054,savage
12594,klutz-esports
14002,project-x
14706,severu2
11886,os-ponta-firme
12803,purpose-gaming
11250,aex-1
8147,focus-e-sports
14696,yifang-gang
11200,cataclysm-gaming
14798,rox
14322,top-gz
11072,enemi3s
13868,dg
14776,elite-gaming
11835,fantasy-gaming
15266,krysme-e-amigas
15007,team-ballistic
14551,tropa-do-avan-o
12487,brexit-aim
14383,noez-foxx
9904,scythe-of-seraph
14935,joseo-insano
14425,ffxd
14491,overcooked
11527,big-hot-men
14003,quickie-power
13531,dsyre-gc
13386,kinetic-e-sport
13189,nev
4958,oddik
12762,xlr8-esports
13803,agtang-bahog-singot
14261,glip
13614,striderz
13636,harrisburg-university
14145,bambys-boys
12652,timberknick
11585,00nation-fem
5126,amazing
4782,cyber-wolves-esports
13557,team-playhard
14807,rage-spell
12380,rambutan-ni-tatay
14555,x404
4523,semxorah-gaming
14851,nemezis
13423,sk-l-vendetta
14473,8-hours-of-sleep
9212,team-revenge
14392,mommy-gs
14753,abdulx500
15703,sovereign-esports
11233,bc-swell
14605,deathwish-esports
13043,neons
15041,leet-esport
15159,novita
12486,totts-and-friends
15298,lanchonete-do-gerso
14076,aquila
14549,papo-de-agustinho
13438,addictes-gc
13174,houdini
10646,gg-go-next
14216,tragiikz-tempest
13786,qvg-esports
8151,system-e-sports
10607,sparks
14471,expect-the-unexpected
13606,kokot
9767,dragonslayerzzz
9975,st-clair-saints
9913,team-fragster
14213,new-generation
14363,hsmix
294,crest-gaming-zst
8067,begenius
13125,dancers
14470,olimpo
14552,staff-tour-gaming
14553,rumble
11675,mvp-esports
12959,captain-130cm
1558,john-howard
10277,boost-esport
10895,excel-gc
12007,qor-gc
3545,clg-red
15077,mookah-rabbits
11923,sdsu-black
7015,sunnybeach
11539,blater
13363,mashallah-mundee
8433,orangutan-x
15386,loneteam
8947,fraude
12517,lodi-dodi
7744,untapped
8535,salt-n-pepper
12965,oblivionxc
13870,entropolo
13240,cmon-bruh-cmon
12705,team-vikings
14826,ions-day-care
15599,chingu
15688,resonance
14265,be-like-mike
7539,dobeg
685,hsdirr
13503,mugi
12406,unison
15467,ko3aku
11180,tourna-tourna-lang
12375,looking-for-sponsors
13446,griff-diff
15297,biras
13430,freedent-white
14701,velcora-chimera
3945,rio-company
9436,emasters
14428,piyana-vishnya
9361,harmony
13163,megazord
10351,vipers-clan
9054,auristralis
14437,hmm
11973,yes-im-here
15295,xerecrazy
15158,buchclub
14813,after-hours
14365,downfall-esports
14449,sutlu-yumurta
13867,yoshi-fan-club
1959,slay-them-with-respect
12482,godalions
12453,team-mixed
12789,project-swede
7695,ebro-gaming
277,crazy-raccoon
14972,awaited-return
13688,cash-cash-cash
14504,rey-esports
11857,ashur-esports
10295,team-path
14709,ale-valorant
13173,ginger-supremacy
15225,super-spike-bros
15470,fullfocusss
910,exceeli-esports
14426,extreme-esports
13754,team-nvus
13690,variants
14522,life-purpose
11692,milenut-hannie
13696,skorelobusiness
12984,sparkly-ballz
12104,ex-hehe
15506,tropa-do-a
14452,pifpaf
14528,404-multigaming-e-v
14443,kobass
12475,ucf-gold
7682,sdobbies
14488,arma-dominium
12186,ghosts
8571,cognizant
12875,lrv-esports
14282,roo
11496,alternate-attax-ruby
12781,last-resistance
13439,project-z
12792,tdk
14718,passion-project
12095,ignister-esports
8470,victory
9412,shaolin
9348,mad-science
14025,academic-weapons
2532,louvre
15648,xprojekt
15009,falke-esports
14458,avengers
15017,cyberking-esports
15684,lpd
14489,beserkrs
14370,champions-2024
14214,tropa-do-m4dara
8050,mibr-gc
14048,boomba-rosa
14199,bigg-motley
14389,de-champ-esports
14763,the-covenant
14771,black-flag
10087,team-digital
9163,cleiteam
2131,chivas-esports
5829,team-mystic
9062,guppies
13910,authority-fate
13832,salamaleico
13766,mlt-phasmos
14442,frogstars
3050,hub-esport
13177,red-eye
12420,4n-e-sport
4068,babybeast
12787,fearferox
14128,thepawbrothers
15645,team-average
14368,business-boys
8727,flx
9353,shopify-rebellion
14830,refugee-camp
7655,agropesca-jacare
14687,vivid
14684,bubble-bros
13643,project-hive
15219,neural-esports
13105,ruzsai-szpecnaz
13792,pug-squad
13686,salseiro
11687,sway-esports
1342,axsor
14326,barzah-esport
14646,fps-players
13864,team-eclipxe
13672,torch
14088,here-to-gamble
7030,tyrant-esports
14525,bratan-mix
14510,e-wolves
13844,stay-hard
15066,extinguish
14657,kampus
13473,project-ap
11888,villa-mix-team
6798,reignite
15067,adamant-celestials
14535,vanguards
13978,ivy-league-gaming
8451,tempest-gaming
15155,bakim-corp
14391,friendstolovers
15711,snapz
13997,phineas-e-ferb
12988,meowmeow
15202,gurrrreeeetings
13805,chosen-clique-gaming-gc
14561,playoffenjoyer
14572,n1
15526,curralzinho
14112,blok6
14637,jyg
6993,dark-tempest
6316,anorthosis-famagusta-esports
14451,weneedsmoneyyyy
11571,gamecoach-academy
13589,ghools-esports
14560,lab-do-gigio
14372,oot-esports
13991,uruguai
723,wild-esports
11502,handmade-potion
14050,carros-2
2760,valkyrie
6779,team-demiral-esports
14394,we-overcooked
12171,sapphire
13407,lets-be-great
13668,tedward-gaming
14539,mdujsanwfausikm
13823,gear-5
14041,carameloo
15617,los-bandidos
14814,future-greats
15018,nctdk
10482,west-virginia-university
13178,silencio-esports
14375,riddle-order
14940,jazz-team
8870,hit-gaming-clan
15598,free-orbs
14323,qq
15686,bible-believers
14092,tokyo-drift
15644,tiny-turtle-squad
13468,supermassivebots
13813,wd40-peek
12185,project
4356,cruzados-esports
11360,bing-chilling
14444,the-great-gang
14448,tenjiku
13902,firestorm-elite-rogues
13885,stylle
12377,odk-heroes
13616,les-sixz
12354,team-legion
12647,virtual-cowboys
13779,siko
14455,purge
14484,hl-tauri-esports
12969,drop-outs
12090,cowabungus
13919,libertados
13387,0-skill
14804,wilbur-gaming
11248,ninjas-in-pyjamas-lightning
13798,vasco-da-gama
15290,xavier-esports
12414,super-kimchi-power
13755,vanquished-paradox-gaming
15220,burnt-source
12061,sinovi
14202,jatinangor
10293,bikini-bottom-pratahouse
15518,usdojob
11686,travelers-around-the-world
15005,end
2408,heet
14677,esports-team-d
14049,turuna-e-sports
14364,six-figures
13701,karma-esports
13685,kannariopopcorn
12645,tropinha-9-0
14184,st-mob
12211,capybara
14412,hamburger-jungs
14704,team-velocity
10979,kizuna-esports
13780,the-boys
13199,defiant
14994,les-piments
6727,misfits-black
11951,team-karma
13809,oxen-academy
13504,bad-sad-and-mad
15428,capevaras
12139,babybeast-free-agent
14759,airstrikers
14760,supreme-sports
12628,serpes-viboras
14558,fenda-dos-streamers
14803,knightsnotnoobz
9133,hakuba-esports
8573,case-hydra
13682,fisher-white
13666,stg-gaming
15224,tbd
6263,guild-gc
10594,axx
13249,anani-sik
13046,nyx-kyosei
15524,gerson-lanches
13869,spongebober-bly
14724,paw-pals
14144,yordle-lovers
9683,hasbygang
15521,noorg9
10892,hog-riders
12657,hackers
14209,exodia2024
13810,sdufens-social-club
14649,the-last-dance
14650,black-hole-sun
12460,lyost
12339,kingslayers
14009,solus-esports
14958,university-war-gc
14653,corinthians-elite-gaming
14500,missing-in-action
14501,pritong-manok
14456,forsaken
7134,que-la-famille
15605,delman
13252,kokoz
12701,voicesareback
14705,divine-five
15201,bankstown-goons
804,royal-never-give-up
10891,vapour-esports
13745,mindcontrol
14755,noobster-xeno
15013,promise
12250,90-kg
11488,albion
14507,kage
14824,boomertin
14635,pt
14474,rezahblicky
11974,heizung-auf-5
14271,first-class
14980,mine-over-matter
14563,time-do-saruh-fregus
14542,bobers
13671,yungmuzzy-corps
14110,mara-esport
14362,i2k-esports
14944,babyhades
12966,team-exs
12126,the-squad
12900,maryville-university
11024,currygold
11829,esports-cologne
12178,the-hero-kda
14057,rtemis-team
15652,immortals
12832,tn1ght-clan
6008,oddik-bright
13391,anexo-esports
12851,giefkalash
14749,the-overdogs
14371,19rr
12052,gamingxd
15080,crime-city
10467,fisher-tea-party
12209,in-one-moment
13746,derreks-dawgs
13195,the-labyrinth
1172,bxl-zoo
14258,tariks-allstars
1146,godlike-esports
5982,looters-club-esports
12075,top-esports
12735,pingpongpeek
12006,wombo-combo
13713,o-projeto
13052,point-of-authority-blossom
14586,cga
14656,spot-gaming
14357,neanlatiyonbolm
14005,pundamonium
14617,xgodnumberone
12793,bald-boomers
13169,triangle
14122,bubatzbuben
8038,snhu-blue
14789,abyss
11594,empty-org
13669,rmu-colonials
13999,aplica-06-aplica
13710,cactus-cowboys
15492,godiwnl
15057,insurgo-alpha
14658,donzelas-bebadas
15704,team-resonance
11529,puggers
14663,cookin-papas
13815,frequency
1810,grow-up-esports
13866,hanma
9487,metatensei-esports
15642,elite-5
13217,looking-for-org-2-0
13634,random-dogs
10483,fgcu-thunderbirds
14642,afrogames
13389,stk
12274,exo-clan-academy
14596,oly
15523,011013053021
14764,celerity-esports
13890,zenix-e-sports
14772,team-domination
13804,tyloo-gc
8829,comet-esports-club
13157,albanian-eagle
4529,illuzion
14577,our-name-is
5769,lancers
13194,ztx-esports-canada
10402,attacker-clan
15228,ninjas-in-paris
12131,ade-serein
13187,team-remah-roti
14499,black-air-force-energy
13775,pex
12297,enigma-vortex
10109,lanpacan
6392,eternal-fire
14417,rnkko-esports
14036,plusvibe
12700,zennit
13826,k20-esports
9509,serpes-gaming
13561,ranked-demons
12261,inf-esports
11311,mxb-xt-vietnam
15229,evil-genies
13508,donkey-kong
12955,xtrem
11249,tmu-blue
15591,uk-droids
13747,young-nutters-club
15000,awaken
12381,triads
12107,illusive
10866,narodni-garda
14207,5buuggs
14387,cutiepies
13615,fathers-back
14621,zer0-esports
14211,without-org
7005,game-of-throws
15496,taperflex
14331,second-change
14294,roblox-cows
3322,border-monsters
12881,gaming-up
15028,xz
12259,akumu
14765,the-zoo
13771,dreamwave
13291,breakthru-gc
13342,scythe-nwj
13718,ottawa-gaming
12964,meow-gaming
15622,polarity
14556,the-real-sponsorless
13057,valkyrie
14598,theneverlast-esports
14514,jokers
14515,team-prolific
12394,alice-team
14589,tsw
13904,mega-fake
10359,ottawa-braves
14534,danger
14554,sen-sacy-e-amigos
14707,rattius-maximus-ow
14651,n-is-n-o-migo
12624,kpi-shine
6006,newstar
11871,bonfire-hc
12009,dd-team
13345,notale-basileia
13743,team-kobolds
13079,t2g-esports
3722,monsters-have-hearts
15469,hans-landa-supremacy
15690,beaver41
11500,eels
14791,jobless
11689,noot-noot
13808,attacking-soul-esports-ovo
14546,mqb-friends
14445,lph
8742,chiz-borger
12699,altf4
6826,undead-gaming-fem
13605,t-e-a-m
13939,brotherhood
14314,nemapau
11053,valiant
9868,alien-anonymo
12659,arranca-dream-v3
13820,phantom-knights
14239,connext-roster-hunt
15302,moop-em
15103,fisher-rising
13406,instinct
10573,csuf-orange
9916,exceptional-gaming
12260,was-jetzt
12704,touch-some-grass
14511,mania
13889,mirai
13422,saltire-sirens
12566,nasr-ignite
2914,biryani-power
15301,the-barbie-girls
11240,equizers
13872,ghost-riders
14524,oasis-verde
15087,truly-humble-under-god
12758,vinine
13724,monstros-fa
13796,aros
14107,gornudi
14432,team-what-the-f
9205,leviat-n-gc
13494,berzerkers-night
15267,athena
5357,night-raid
14812,team-vortex
13111,superseriousgaming
14575,phantom-gaming
15595,exit-esports
13613,team-stas
6642,bleakmidwinter
12505,2strong4u
14327,war
13131,husky-phantom-x
13750,oxujimint
15468,team-desperados
13413,cuddle-gang
10509,lg-orange
12986,layer-esport
15088,fractal-gaming
14559,noite-carioca
14253,5m-esports
14983,we-live
14965,good-luck
13609,ixo-esports
11518,mekong-gaming
15700,team-fully
8084,lone-way-e-sports
14620,altair-esports
11876,sei-la-quem-e-amigos
12305,moze-clan
12094,junkbee
15070,tropa-tropa-gang
14201,ultra-jarjit
12465,ice-force-esports
13522,desperados
12193,highfive
10589,kk-esport
13425,grannys-knockers
14665,rabilis-burst
4993,fw-esports
13171,ess
14497,fellas-in-paris
6998,mango
10616,fulgor-esports
13041,morjor
14659,v1c
12409,gang-gang-gang
12008,mamacita
12626,aex-1-nova
12627,vendetta
14498,c4-mist-academy
12553,lashatemicantar
14029,morbidly-some-beasts
11078,bacos
14700,strawberry-mango-ice
4317,event-horizon
14485,blandsaft
12378,boss-g-kdm
14710,visionz
15101,paragons
14045,zikapangas
14608,jai-jhakan
14747,ora-geter-lur
9769,enro-griffins
13855,nyan-esports
10418,miv-gaming
8906,beyond-stratos-gaming
10536,rochester-university-esports
15588,karasuno
13850,mcom-esports-commandos
12791,alienshooters
15353,lag-yellow
8840,bravado-gaming
12854,simia-esports
13559,efler
10737,o-trem
14770,team-rogers
8485,prime-5
377,bonk
15223,unsw-howl
12098,antic-esports-academy
15352,sad-pink
14115,500xgeldi
11653,rock-bottom
13597,brazah-esport
14194,1715
13124,starz
12383,vortex-warriors
12331,botiki-prada
13511,imperium-vancuverii
13372,quiet-esports
14521,ippo
11491,teamduration
14457,alex-schule
15587,verdant
12114,pingou-esport
14564,gw-e-amigos
13040,krazy-gurlz
13777,outsiders
10324,saints-esports
15643,burger-clan
13721,sublime-team
13269,team-vanguard
12212,choice-esport
14125,sogbox
11593,xoxo-01
1594,team-majesty
14490,friends
12682,estroxal
14625,the-stronger
12815,grass-touchers
14769,unknown-5
14961,pauls-puppies
15062,no-luck-pure-skill
13560,tft-demons
15571,awaken-red
13670,not-wvu
7376,os-guri-da-geral-do-gremio
14648,littles
11763,sky-empire
14829,ryze-esports
14153,spacegliders
9430,anaadi-army
12300,delta-esports
10580,boise-state-university
14644,playing-for-a-dream
10145,bref
5601,nightblood-gaming
13647,whythelongface
13335,dtgirls
14446,prettymonkeys
15167,os-mnr-purin
14505,rainys-kittens
10301,valkyrie-esports
14494,anitax
14480,uhka-esports
14602,return
13233,karmas-fantasy-team
11482,m3g4gr1ll
15488,kanka-aim
12597,dusk
9048,nt4h-sunrise
11557,arav-esports
10403,candy
15172,diamondsdancing
5007,dja-bu-sabi
12417,cqex
14152,was
14273,eternal-focus
15053,boss-asian-squad
6981,turgutlu-belediyesi-esports
13703,vex-dragons
14441,oksykodony
14768,mogo-esports
12477,teo-teo-teo
13035,deviant-topaz
11999,capybara-huggers
13716,wellington-rato
15585,smoke-meio
13393,slaughtergang
10456,fiu-varsity
13565,3
10291,team-baobao
13175,the-vicious
8818,instalock-x
13364,dupg-esports
14703,parralax-esports
1925,subversive
14159,wooks-academy
12284,friendly-gamers
12811,booskams
13384,pharaohs-e-sports
12179,tiger-wong-valkyrie
8264,nearest-airport
14808,room-service
9078,cruzados-esports-fem
13811,bankai
14447,spongebob
12248,tiger-wong-esports
15143,nekoma-team
13924,vision-harutoman
15161,2007
14823,xanax-abusers
14640,kings-of-savage
15192,bellakitas
15166,megazord-71
15281,donas-da-bala
14399,viciadas-em-defusar
14626,ghost-charming
15170,akr-e-amigos
10530,tamu-white
13907,lobo-mouz
15520,next
14027,cooked-cats
11576,version-z
14487,verdantx
15284,revoada
2785,tamu-maroon
14766,o7-esports
13774,tech-fleece-troopers
10804,unlp-esports
14486,heat-esports
14347,silly-squad
15059,noxa-ares
14482,max-win
